name,category,latitude,longitude
"Jyoti Graphics","copyshop",20.2866907,85.8455584
"State Bank","atm",20.2951609,85.8418666
"World of Titan","yes",20.295122,85.8424272
"Unnamed","hospital",20.3057095,85.8316524
"Unnamed","fuel",20.2964001,85.8597933
"Unnamed","fuel",20.2980112,85.8613622
"Kalamandir Royale","clothes",20.2885743,85.8434169
"Reliance Trends","clothes",20.288335,85.8434836
"Big Bazaar","supermarket",20.2783077,85.8452859
"Pizza Hut","restaurant",20.2784745,85.8456651
"Unnamed","jewelry",20.2782636,85.8454533
"Indian Oil","fuel",20.2853886,85.8430706
"All That Jazz","boutique",20.2856022,85.8429719
"Bharat Petroleum","fuel",20.2958226,85.8415405
"Apollo Hospitals","hospital",20.305642,85.8316432
"Mahavir Auto Diagnostics Pvt. Ltd. Skoda","car",20.306504,85.8528752
"Utkal Automobiles Mahindra","car",20.3001991,85.8567679
"Tata Motors","car",20.3331345,85.8831598
"Shree Bharat Motors Limited","car",20.3326336,85.8831581
"Hindustan Petroleum","fuel",20.3343432,85.8831849
"Bharat Petroleum","fuel",20.3375934,85.8828423
"The Central","supermarket",20.2945192,85.8425495
"Biriany Bhubaneswar","restaurant",20.2787752,85.8449341
"Symphony Mall","mall",20.3229675,85.882034
"Hi-Tech Medical College & Hospital Blood Bank; Bhubaneshwar","blood_bank",20.3006806,85.8772194
"Apollo Hospital Blood Bank; Bhubaneswar","blood_bank",20.3057645,85.8318472
"Jagannath Hospital","hospital",20.2899524,85.8448559
"Matrenity Care Hospital","hospital",20.2943263,85.8441536
"Sparsh Hospital & Critical Care Pvt. Ltd.","hospital",20.2953994,85.8433176
"Hi Tech Medical College; Bhubaneswar","hospital",20.3039069,85.87846
"Ayush Hospital","hospital",20.2961441,85.8341166
"Deepak Clinic And Nursing Home","hospital",20.2922322,85.8447242
"Kar Vision Eye Hospital","hospital",20.2797771,85.8442306
"Vision Care Eye Hospital","hospital",20.284683,85.8496208
"Esplanade","mall",20.2915925,85.8562713
"Esplanade","mall",20.2912139,85.8560073
"Central Hospital","hospital",20.3211842,85.8355564
"City Primary Hospital","hospital",20.328592,85.838564
"Trinity Neuro Hospital and Trauma Centre","hospital",20.2950416,85.8397433
"Dr. Agarwal's Eye Hospital","hospital",20.2870276,85.8465823
"Lath ENT Centre","hospital",20.2814711,85.8554075
"National City Medical","hospital",20.2813207,85.8480983
"Sanjeevani Panchakarma Center and Piles Clinic","hospital",20.2873182,85.8593787
"Power Hospital","hospital",20.2940895,85.8365902
"Amri Hospitals","hospital",20.2880923,85.8466525
"Shharc Homeopathy Hospital","hospital",20.2825278,85.8574992
"Unnamed","atm",20.294682,85.8630858
"Indian Overseas Bank","bank",20.2917417,85.8448138
"Canara Bank","bank",20.3133772,85.8276162
"Barma Shop","motorcycle_repair",20.2902771,85.8454601
"Apollo Pharmacy","pharmacy",20.2869359,85.8393075
"Axis Bank Bhubaneswar Branch","bank",20.27905,85.8442397
"Manomay-Kolkata’s Sweetest Side","restaurant",20.2798106,85.854908
"Sahoo Mushroom","greengrocer",20.3189499,85.8811487
"Subha Dry Cleaners","dry_cleaning",20.3207725,85.8796947
"Studio11 Salon And Spa","hairdresser",20.3180419,85.8793653
"Star Flourist","florist",20.3171857,85.8797157
"Shree Ram Motors","car",20.3175372,85.8782599
"Unnamed","atm",20.3174897,85.8779887
"Siraj Nursery","garden_centre",20.3196844,85.8764861
"Tea Stall","cafe",20.3198836,85.8823204
"Decobee Tiles And Sanitary","tiles",20.3198961,85.8826973
"Patra Electronics","electronics",20.3185185,85.8808051
"Dolphin Saloon","hairdresser",20.3179744,85.8814594
"Badshah Family Dhaba","restaurant",20.3187002,85.8809575
"Medicine Store","chemist",20.3182113,85.8812849
"Hotel Num Num","restaurant",20.2966426,85.8324856
"Thali Junction","restaurant",20.296674,85.8328299
"Sai Krupa Filling Station","fuel",20.3504304,85.9009232
"Unnamed","supermarket",20.29895,85.8418047
"Unnamed","atm",20.309165,85.8699507
"MedPlus Satya Vihar","pharmacy",20.3091037,85.8697287
"Fresh Signature","grocery",20.3085815,85.8708222
"Deepak fashion design","boutique",20.3091687,85.8699241
"Apollo Pharmacy Satya Vihar","pharmacy",20.3090782,85.8703329
"Jai Jagannath Medicine Store","pharmacy",20.3090568,85.8704543
"Unnamed","atm",20.3090525,85.8703815
"Bazar Kolkata","clothes",20.3083125,85.8709375
"POJ Furniture","furniture",20.3084362,85.8709431
"Indian Oil","fuel",20.2749704,85.8516204
"Somnath Medicine Store","pharmacy",20.3090567,85.870687
"Aarogya Generic Medicine Store","pharmacy",20.3090918,85.8699401
"Kiran Engineering","electrical",20.3090875,85.8699219
"Kiran Engineering","electrical",20.3090875,85.8699219
"Cafe 16","cafe",20.280625,85.8454393
"KUNAL SWEETS & RESTAURANT","confectionery",20.3073526,85.8698498
